,Credit_Score,dtir1,loan_amount,LTV
count,50000.0,42034.0,50000.0,44981.0
mean,699.90562,37.779797306942,329820.6,72.73388182807248
std,115.75305528499779,10.567833486825188,182710.75304980163,43.85327750905424
min,500.0,5.0,16500.0,2.81374502
25%,600.0,31.0,196500.0,60.47486034
50%,700.0,39.0,296500.0,75.13586957
75%,801.0,45.0,436500.0,86.00543478
max,900.0,61.0,3006500.0,6706.25
