ROC-AUC,F1-Score,MCC,PR-AUC
0.8336807738647671,0.6752721617418351,0.5973488461958054,0.7660760912817075
